,brand,model
0,aegir, 
1,aevig, 
2,alain silberstein, 
3,a. lange & sohne,1815
4,a. lange & sohne,arkade
5,a. lange & sohne,cabaret
6,a. lange & sohne,datograph
7,a. lange & sohne,daymatic
8,a. lange & sohne,lange 1
9,a. lange & sohne,langematik
10,a. lange & sohne,richard lange
11,a. lange & sohne,saxonia
12,a. lange & sohne,tourbillon
13,a. lange & sohne,zeitwerk
14,alpha, 
15,alpina,12 hours of sebring
16,alpina,alpiner
17,alpina,avalanche extreme
18,alpina,diver extreme
19,alpina,nightlife club
20,alpina,pilot heritage 1883
21,alpina,regulator
22,alpina,seastrong
23,alpina,startimer chronograph
24,alpina,startimer pilot
25,ancon, 
26,android,galactopus
27,anonimo,cronoscopio
28,anonimo,militare
29,anonimo,millemetri
30,anonimo,professionale
31,anstead, 
32,antoine preziuso, 
33,apple,watch
34,apple,watch sport
35,aquadive,bathyscaphe 100
36,aquadive,bathyscaphe 300
37,aquadive,bs-100 bronze
38,aquastar, 
39,aramar, 
40,archimede,deckwatch
41,archimede,outdoor
42,archimede,pilot
43,archimede,pilot chronograph
44,archimede,sporttaucher
45,aristo, 
46,armand nicolet, 
47,armida,a1
48,armida,a11
49,armida,a12
50,armida,a2
51,armida,a3
52,armida,a4
53,armida,a6
54,armida,a7
55,armida,a8
56,armida,a9
57,armin strom,gravity
58,armin strom,manual
59,armin strom,skeleton
60,arnold & son,instrument collection
61,arnold & son,royal collection
62,artego, 
63,artya, 
64,audemars piguet,classique
65,audemars piguet,haute joaillerie
66,audemars piguet,jules audemars
67,audemars piguet,millenary
68,audemars piguet,royal oak 15002
69,audemars piguet,royal oak 15202
70,audemars piguet,royal oak 15300
71,audemars piguet,royal oak 15300st
72,audemars piguet,royal oak 15400
73,audemars piguet,royal oak 15400st
74,audemars piguet,royal oak 15450
75,audemars piguet,royal oak chronograph
76,audemars piguet,royal oak diver
77,audemars piguet,royal oak dual time
78,audemars piguet,royal oak offshore
79,audemars piguet,royal oak offshore forged carbon
80,audemars piguet,royal oak skeleton
81,autodromo,group b
82,autodromo,group b evoluzione
83,autodromo,monoposto
84,autodromo,prototipo
85,autodromo,stradale
86,avi-8, 
87,azimuth,avant-garde
88,azimuth,casino
89,azimuth,round
90,bagelsport, 
91,ball,aviator
92,ball,deepquest
93,ball,endurance
94,ball,engineer
95,ball,engineer hydrocarbon
96,ball,engineer ii
97,ball,engineer ii skindiver
98,ball,engineer master ii
99,ball,fireman
100,ball,railroad
101,ball,roadmaster gmt
102,ball,stormchaser
103,ball,trainmaster
104,ball,worldtimer
105,balmer, 
106,bathys,benthic
107,baume & mercier,capeland
108,baume & mercier,classima executive
109,baume & mercier,clifton
110,baume & mercier,hampton
111,baume & mercier,linea
112,baume & mercier,riviera
113,bedat, 
114,beijing, 
115,bell & ross,br 01
116,bell & ross,br 01-92
117,bell & ross,br 01-96
118,bell & ross,br 01-97
119,bell & ross,br 02-92
120,bell & ross,br 02-94
121,bell & ross,br 03
122,bell & ross,br 03-51
123,bell & ross,br 03-92
124,bell & ross,br 03-94
125,bell & ross,br 123
126,bell & ross,br 126
127,bell & ross,br s
128,bell & ross,br v2-92
129,bell & ross,brv2-94
130,bell & ross,ww1
131,bell & ross,ww2
132,belus, 
133,benarus,megalodon
134,benarus,moray
135,benarus,sea devil diver
136,benarus,sea snake
137,benrus,gg-w-113
138,benrus,sky chief
139,benrus,type i
140,benrus,type ii
141,bernhardt,binnacle
142,bernhardt,binnacle gmt
143,bernhardt,field diver
144,bernhardt,globemaster
145,bernhardt,globe master ii
146,bernhardt,sea shark
147,bertolucci, 
148,blancpain,air command
149,blancpain,aqualung
150,blancpain,fifty fathoms
151,blancpain,flyback chronograph
152,blancpain,le brassus
153,blancpain,leman
154,blancpain,l-evolution
155,blancpain,minute repeater
156,blancpain,perpetual calendar
157,blancpain,villeret
158,boldr,expedition
159,boldr,explorer gmt
160,boldr,explorer ii gmt
161,boldr,journey
162,boldr,odyssey
163,boldr,odyssey bronze
164,boldr,voyager
165,bombfrog, 
166,borealis,bull shark
167,borealis,cascais
168,borealis,estoril 300
169,borealis,oceanaut
170,borealis,porto santo
171,borealis,sea dragon
172,borealis,sea farer ii
173,borealis,sea storm
174,boschett,cave dweller
175,boschett,cave dweller ii
176,boschett,harpoon
177,boschett,ocean mariner
178,boschett,reef ranger
179,botta,duo
180,botta,mondo
181,botta,nova
182,botta,tres
183,botta,uno
184,botta,uno 24
185,bovet, 
186,braun, 
187,breguet,classique
188,breguet,heritage
189,breguet,marine automatic
190,breguet,marine chronograph
191,breguet,marine royale alarm
192,breguet,minute repeater
193,breguet,reine de naples
194,breguet,tourbillon
195,breguet,tradition
196,breguet,transatlantique
197,breguet,traveller ii
198,breguet,type xx
199,breguet,type xxi
200,breitling,aeromarine gmt
201,breitling,aerospace
202,breitling,aerospace evo
203,breitling,airwolf
204,breitling,avenger
205,breitling,avenger ii
206,breitling,b1
207,breitling,barnato racing
208,breitling,bentley
209,breitling,blackbird
210,breitling,callisto
211,breitling,chronoliner
212,breitling,chronomat
213,breitling,chronomat chronograph
214,breitling,chrono-matic
215,breitling,chronospace
216,breitling,cockpit
217,breitling,colt
218,breitling,colt ii
219,breitling,cosmonaute
220,breitling,crosswind
221,breitling,datora
222,breitling,emergency
223,breitling,exospace b55
224,breitling,galactic
225,breitling,montbrilliant
226,breitling,navitimer
227,breitling,navitimer aviastar
228,breitling,navitimer chronomatic 1806
229,breitling,navitimer cosmonaute
230,breitling,navitimer cosmos
231,breitling,navitimer gmt
232,breitling,navitimer heritage
233,breitling,navitimer montbrillant datora
234,breitling,navitimer montbrillant eclipse
235,breitling,navitimer montbrillant olympus
236,breitling,navitimer panamerican
237,breitling,navitimer qp
238,breitling,navitimer rattrapante
239,breitling,navitimer super 8
240,breitling,navitimer twin sixty
241,breitling,navitimer twin sixty ii
242,breitling,navitimer world
243,breitling,skyland
244,breitling,skyracer
245,breitling,sprint
246,breitling,steelfish
247,breitling,super avenger
248,breitling,super avenger ii
249,breitling,superocean
250,breitling,superocean chronograph
251,breitling,superocean heritage
252,breitling,super ocean ii
253,breitling,top time
254,breitling,transocean
255,breitling,transocean chronograph
256,breitling,transocean chronograph 1461
257,breitling,transocean chronograph 1915
258,breitling,transocean chronograph unitime
259,breitling,windrider
260,bremont,alt1-c
261,bremont,alt1-p
262,bremont,alt1-wt
263,bremont,alt1-z
264,bremont,jaguar
265,bremont,martin-baker
266,bremont,mb 1.5
267,bremont,mb1.5
268,bremont,mb-2
269,bremont,mbiii
270,bremont,p-51
271,bremont,solo
272,bremont,supermarine
273,bremont,terra nova
274,bremont,u-2
275,britix, 
276,brm, 
277,bucherer,manero
278,bucherer,patravi
279,bucherer,traveltec
280,bulova,accutron
281,bulova,accutron astronaut
282,bulova,accutron ii
283,bulova,accutron vx-200
284,bulova,gemini
285,bulova,lobster
286,bulova,marine star
287,bulova,moon watch
288,bulova,murren
289,bulova,oceanographer
290,bulova,precisionist
291,bulova,sea king
292,bulova,snorkel
293,bulova,super seville
294,buren, 
295,buti yanick, 
296,bvlgari,assioma
297,bvlgari,astrale
298,bvlgari,daniel roth
299,bvlgari,diagono
300,bvlgari,ergon
301,bvlgari,gérald genta
302,bvlgari,octo
303,bvlgari,rettangolo
304,bvlgari,serpenti
305,bvlgari,sotirio
306,caravelle, 
307,cartier,ballon ble
308,cartier,calibre
309,cartier,la dona
310,cartier,must 21
311,cartier,pasha
312,cartier,pasha chronograph
313,cartier,roadster
314,cartier,ronde solo
315,cartier,rotonde
316,cartier,santos
317,cartier,tank
318,cartier,tortue
319,casio,arw-300
320,casio,dw-5030
321,casio,dw-5030c
322,casio,dw-5200
323,casio,dw-5600
324,casio,dw-5600c
325,casio,dw-5600cl
326,casio,dw-5600e
327,casio,dw-5610
328,casio,dw-5700
329,casio,dw-6600
330,casio,dw-6900
331,casio,dw-8040
332,casio,dw-d5500
333,casio,edifice
334,casio,ef503d
335,casio,f91w
336,casio,frogman
337,casio,ga100l
338,casio,gb-5600aa
339,casio,gd-100
340,casio,gd-120
341,casio,gd350-8
342,casio,gd-400huf
343,casio,g-lide
344,casio,gr8900a-1
345,casio,gravitymaster
346,casio,gulfman
347,casio,gulfmaster
348,casio,gw-2500b
349,casio,gw3000b-1a
350,casio,gw-3500b
351,casio,gw4000-1a
352,casio,gw-400hlj
353,casio,gw-5000
354,casio,gw-6900
355,casio,gw-6900a
356,casio,gw-7900
357,casio,gw-9400
358,casio,gw-m5600
359,casio,gw-m5610
360,casio,gw-s5600
361,casio,gx56bb-1
362,casio,md-309
363,casio,md-310
364,casio,md-707
365,casio,md-708
366,casio,mdv-102
367,casio,mdv-106
368,casio,mrg-110
369,casio,mrg-g1000d
370,casio,mtd-1010
371,casio,mudman
372,casio,mudmaster
373,casio,prg-300
374,casio,protrek
375,casio,protrek pathfinder
376,casio,prw-2500
377,casio,prw-3000
378,casio,prw-3500
379,casio,prw-5000
380,casio,rangeman
381,casio,riseman
382,casio,royale
383,casio,tgw-100
384,certina,ds-1
385,certina,ds-2
386,certina,ds-3
387,certina,ds-4
388,certina,ds action
389,certina,ds chronograph
390,certina,ds dream
391,certina,ds eagle
392,certina,ds first
393,certina,ds multi-8
394,certina,ds podium
395,certina,ds prime
396,certina,ds queen
397,certina,ds rookie
398,certina,ds spel
399,certina,ds sport
400,certina,ds stella
401,chanel,j12
402,chase durer, 
403,chopard,1937
404,chopard,classic racing
405,chopard,imperiale
406,chopard,l.u.c
407,chopard,l.u.c sport
408,chopard,mille miglia
409,christopher ward,c1
410,christopher ward,c10
411,christopher ward,c1000
412,christopher ward,c11
413,christopher ward,c20
414,christopher ward,c30
415,christopher ward,c5
416,christopher ward,c60
417,christopher ward,c61
418,christopher ward,c65
419,christopher ward,c7
420,christopher ward,c70
421,christopher ward,c9
422,christopher ward,trident classic
423,christopher ward,trident vintage
424,chronographe suisse,chronoswiss
425,chronographe suisse,kairos
426,chronographe suisse,regulateur
427,chronographe suisse,timemaster
428,citizen,altichron cirrus
429,citizen,aqualand
430,citizen,attesa
431,citizen,autozilla
432,citizen,blue angels
433,citizen,bullhead
434,citizen,campanola
435,citizen,chronomaster
436,citizen,cosmotron
437,citizen,crystron
438,citizen,ecozilla
439,citizen,navihawk
440,citizen,nighthawk
441,citizen,orca
442,citizen,parawater
443,citizen,promaster
444,citizen,signature
445,citizen,skyhawk
446,claude bernard, 
447,clebar, 
448,clerc,hydroscaph
449,cobra de calibre, 
450,concord,c1
451,concord,c2
452,concord,impresario
453,corum,admiral's cup
454,corum,black hull
455,corum,bridge
456,corum,bubble
457,corum,heritage
458,corum,romvlvs
459,crepas,cayman
460,crepas,el buzo
461,crepas,le grand
462,crepas,l'ocean
463,crepas,scuba
464,crepas,tektite
465,croton,aquamatic
466,cuervo y sobrinos, 
467,cwc,g10
468,cwc,general service watch
469,cwc,gs
470,cwc,gs2000
471,cwc,navigator
472,cwc,pilot chronograph
473,cwc,rn fleet air arm chronograph
474,cwc,royal navy diver
475,cwc,royal navy diver quartz
476,cyma,navystar
477,dagaz,thunderbolt
478,dagaz,tsunami
479,dagaz,typhoon
480,damasko,da 20
481,damasko,da 34
482,damasko,da 343
483,damasko,da 35
484,damasko,da 36
485,damasko,da 363
486,damasko,da 37
487,damasko,da 373
488,damasko,da 38
489,damasko,da 44
490,damasko,da 45
491,damasko,da 46
492,damasko,da 47
493,damasko,db 2
494,damasko,dc 56
495,damasko,dc 57
496,damasko,dc 66
497,damasko,dc 67
498,damasko,dk 10
499,damasko,dk 105
500,damasko,dk 11
501,damasko,dk 200
502,damasko,ds 30
503,damasko,dsub1
504,dan henry,1939
505,dan henry,1947
506,dan henry,1963
507,dan henry,1968
508,dan henry,1970
509,daniel roth, 
510,david yurman, 
511,davosa,ternos
512,d. dornbluth & sohn,99.1
513,d. dornbluth & sohn,99.3
514,d. dornbluth & sohn,regulator
515,debaufre,nav-b
516,debaufre,pilot
517,debethune, 
518,deep blue,abyss
519,deep blue,alpha marine 500
520,deep blue,daynight ops
521,deep blue,daynight recon t-100
522,deep blue,depthmaster
523,deep blue,juggernaut
524,deep blue,juggernaut ii
525,deep blue,marine diver
526,deep blue,master explorer
527,deep blue,ocean diver
528,deep blue,sun diver
529,deep blue,world timer
530,defakto,akkord
531,defakto,detail
532,defakto,eins
533,defakto,kinetik
534,dewitt, 
535,diesel, 
536,dietrich,ot-1
537,dietrich,ot-2
538,dietrich,ot-3
539,dietrich,ot-4
540,dietrich,ot-5
541,dietrich,ot-6
542,dievas,flieger
543,dievas,focal
544,dievas,maya
545,dievas,meridian
546,dievas,mg-1
547,dievas,shadow
548,dievas,timeattack
549,dievas,vintage
550,dievas,vortex
551,dievas,vortex professional
552,dievas,vortex tactical
553,dievas,voyageur gmt
554,di-modell, 
555,doxa,1000t
556,doxa,1200t
557,doxa,1500t
558,doxa,200t
559,doxa,300t
560,doxa,4000t
561,doxa,5000t
562,doxa,600t
563,doxa,750t
564,doxa,800ti
565,doxa,aquaman
566,doxa,caribbean 300
567,doxa,conquistador
568,dubey & schaldenbrand, 
569,dugena, 
570,dunhill, 
571,ebel,1911
572,ebel,brasilia
573,ebel,classic hexagon
574,ebel,classicwave
575,eberhard, 
576,edox,hydrosub
577,edox,hydro-sub
578,edox,les vauberts
579,elgin, 
580,emporio armani, 
581,enicar,albino regatta
582,enicar,aqua graph
583,enicar,chrono big eye
584,enicar,graphomatic
585,enicar,mantagraph
586,enicar,memostar
587,enicar,ocean pearl
588,enicar,sherpa
589,enicar,sherpa 300 mini-dive
590,enicar,sherpa graph
591,enicar,sherpa graph mk iii
592,enicar,sherpa guide 600 gmt
593,enicar,sherpa star
594,enicar,sherpa super divette
595,enicar,sherpa super-jet
596,enicar,sherpa ultradive
597,enicar,ultrasonic
598,ennebi,fondale
599,ennebi,vintage
600,enzo mechana, 
601,epos,emotion
602,epos,originale
603,epos,sportive
604,ernst benz,chronodiver
605,ernst benz,chronoscope
606,esq, 
607,eterna,adventure
608,eterna,eterna-matic
609,eterna,heritage
610,eterna,kontiki
611,eterna,monterey
612,eterna,soleure
613,eterna,tangaroa
614,evant,tropic 300
615,farer,beagle
616,farer,endeavour
617,farer,endurance
618,farer,frobisher ii
619,farer,hecla
620,farer,hopewell
621,farer,lander
622,farer,leven
623,farer,oxley
624,farer,pointing
625,filson,dutch harbor
626,filson,journeyman gmt
627,filson,mackinaw
628,filson,scout
629,filson,scout dual time
630,fortis,b42
631,fortis,cosmonaut
632,fortis,cosmonauts chronograph
633,fortis,diver
634,fortis,flieger
635,fortis,flieger chronograph
636,fortis,marinemaster
637,fortis,pilot
638,fortis,spacematic
639,fossil, 
640,fp journe,centigraphe
641,fp journe,chronometre
642,fp journe,octa
643,fp journe,resonance
644,fp journe,vagabondage
645,franck muller,casablanca
646,franck muller,crazy hours
647,franck muller,curvex
648,franck muller,endurance
649,franck muller,king conquistador
650,franck muller,long island
651,frederique constant,classics
652,frederique constant,moonphase
653,frederique constant,worldtimer
654,gallet, 
655,garmin,approach
656,garmin,descent mk1
657,garmin,fenix
658,garmin,forerunner
659,garmin,quatix
660,garmin,vivoactive
661,garmin,vivomove
662,garmin,vivosport
663,gavox, 
664,gerald genta, 
665,getat, 
666,gevril,gv2
667,g gerlach,enigma
668,g gerlach,otago
669,g gerlach,rwd-6
670,gigandet, 
671,ginault, 
672,girard perregaux,1945
673,girard perregaux,1966
674,girard perregaux,bmw
675,girard perregaux,chrono hawk
676,girard perregaux,ferrari
677,girard perregaux,financial chronograph
678,girard perregaux,gyromatic
679,girard perregaux,laureato
680,girard perregaux,olimpico
681,girard perregaux,richeville
682,girard perregaux,sea hawk
683,girard perregaux,world timer
684,glashutte original,panograph
685,glashutte original,panoinverse
686,glashutte original,panomatic
687,glashutte original,panomatic date
688,glashutte original,panomatic lunar
689,glashutte original,panomatic reserve
690,glashutte original,senator automatic
691,glashutte original,senator chronograph
692,glashutte original,senator chronometer
693,glashutte original,senator date
694,glashutte original,senator navigator
695,glashutte original,senator observer
696,glashutte original,senator perpetual
697,glashutte original,senator sixties
698,glashutte original,sport evolution
699,glycine,airman
700,glycine,airman 44
701,glycine,airman 46
702,glycine,airman airfighter
703,glycine,airman dc-4
704,glycine,airman purist
705,glycine,airman sst12
706,glycine,combat
707,glycine,f-104
708,glycine,incursore
709,glycine,lagunare
710,graham,chronofighter
711,graham,silverstone
712,graham,swordfish
713,gruen,led digital
714,gruppo gamma,ascent
715,gruppo gamma,divemaster
716,gruppo gamma,genesis
717,gruppo gamma,vanguard
718,gubelin, 
719,gucci, 
720,h2o,kalmar
721,h2o,orca diver
722,habring, 
723,hadley roma, 
724,hager, 
725,halios,bluering
726,halios,delfin
727,halios,holotype
728,halios,laguna
729,halios,puck
730,halios,puck ii
731,halios,seaforth
732,halios,tropik
733,hamilton,9367
734,hamilton,aqua-date
735,hamilton,below zero
736,hamilton,chrono-matic
737,hamilton,frogman
738,hamilton,gg-w-113
739,hamilton,intra-matic
740,hamilton,intra-matic '68
741,hamilton,jazzmaster
742,hamilton,jazzmaster chronograph
743,hamilton,jazzmaster maestro
744,hamilton,jazzmaster thinline
745,hamilton,jazzmaster thin-o-matic
746,hamilton,jazzmaster viewmatic
747,hamilton,khaki
748,hamilton,khaki air race
749,hamilton,khaki air race gmt
750,hamilton,khaki aviation
751,hamilton,khaki base jump
752,hamilton,khaki field
753,hamilton,khaki field chronograph
754,hamilton,khaki field mechanical
755,hamilton,khaki field pioneer
756,hamilton,khaki gmt
757,hamilton,khaki king
758,hamilton,khaki navy
759,hamilton,khaki navy belowzero
760,hamilton,khaki navy frogman
761,hamilton,khaki navy gmt
762,hamilton,khaki navy pioneer
763,hamilton,khaki navy utc
764,hamilton,khaki officer
765,hamilton,khaki pilot
766,hamilton,khaki pilot chronograph
767,hamilton,khaki pilot pioneer
768,hamilton,khaki takeoff
769,hamilton,king scuba
770,hamilton,linwood
771,hamilton,masterpiece
772,hamilton,navy utc
773,hamilton,pan europ
774,hamilton,railroad
775,hamilton,royal navy chronograph
776,hamilton,sea hawk
777,hamilton,sebold ii
778,hamilton,super compressor 600
779,hamilton,valiant
780,hamilton,ventura
781,hamilton,w10
782,hamilton,x-patrol
783,hamilton,x-wind
784,hanhart,pioneer monocontrol
785,hanhart,pioneer monoscope
786,hanhart,pioneer twincontrol
787,hanhart,pioneer twindicator
788,hanhart,primus diver
789,hanhart,primus pilot
790,hanhart,primus racer
791,hanhart,racemaster
792,harry winston, 
793,helberg,ch1
794,helberg,ch2
795,helberg,ch3
796,helberg,ch5
797,helberg,ch6
798,helberg,ch8
799,helbros, 
800,helgray,gmt
801,helgray,silverstone
802,helson,blackbeard
803,helson,buccaneer
804,helson,gauge
805,helson,shark diver
806,helson,shark diver 40
807,helson,shark diver 42
808,helson,sharkmaster 1000
809,helson,skindiver
810,helson,spear diver
811,helson,stingray
812,helson,tortuga
813,helson,turtle
814,hermes, 
815,heroic, 
816,heuer,autavia
817,heuer,autavia 3646
818,heuer,autavia gmt
819,heuer,autavia viceroy
820,heuer,calculator
821,heuer,camaro
822,heuer,carrera
823,heuer,chronosplit
824,heuer,cortina
825,heuer,daytona
826,heuer,kentucky
827,heuer,monaco
828,heuer,montreal
829,heuer,monza
830,heuer,pasadena
831,heuer,regatta
832,heuer,silverstone
833,heuer,skipper
834,hexa,f74
835,hexa,k500
836,hexa,osprey
837,hexa,q500
838,hirsch, 
839,h. moser & cie, 
840,hmt, 
841,hublot,big bang
842,hublot,big bang aero
843,hublot,big bang carbon
844,hublot,big bang carbon fiber
845,hublot,big bang chukker bang
846,hublot,big bang evolution
847,hublot,big bang f1 suzuka
848,hublot,big bang ferrari
849,hublot,big bang gold ceramic
850,hublot,big bang ice bang
851,hublot,big bang king power
852,hublot,big bang king power black mamba
853,hublot,big bang king power oceanographic
854,hublot,big bang steel ceramic
855,hublot,big bang unico
856,hublot,classic fusion
857,hublot,classic fusion ultra thin
858,hublot,mdm
859,hublot,super b
860,ingersoll, 
861,invicta,8926
862,invicta,grand diver
863,invicta,prodiver
864,iwc,aquatimer
865,iwc,aquatimer 3290
866,iwc,aquatimer 3536
867,iwc,aquatimer 3548
868,iwc,aquatimer 3568
869,iwc,aquatimer chronograph 3719
870,iwc,aquatimer chronograph 3767
871,iwc,aquatimer chronograph 3768
872,iwc,aquatimer chronograph 3768 bronze
873,iwc,aquatimer chronograph 3769
874,iwc,aquatimer chronograph 3781
875,iwc,aquatimer coustea
876,iwc,aquatimer deep two
877,iwc,aquatimer galapagos
878,iwc,aquatimer split minute chronograph
879,iwc,big ingenieur
880,iwc,big pilot 5002
881,iwc,big pilot 5004
882,iwc,big pilot 5009
883,iwc,big pilot perpetual calendar
884,iwc,big pilot perpetual calendar ceramic
885,iwc,cal 89
886,iwc,da vinci
887,iwc,da vinci kurt klaus
888,iwc,grande complication
889,iwc,gst alarm
890,iwc,gst chronograph
891,iwc,gst doppelchronograph
892,iwc,ingenieur
893,iwc,ingenieur 3227
894,iwc,ingenieur 3236
895,iwc,ingenieur 3239
896,iwc,ingenieur amg ceramic
897,iwc,ingenieur chronograph 3725
898,iwc,ingenieur chronograph 3784
899,iwc,ingenieur chronograph 3785
900,iwc,ingenieur doppelchronograph
901,iwc,ingenieur perpetual calendar chronograph
902,iwc,ingenieur vintage
903,iwc,mark vxiii
904,iwc,mark xii
905,iwc,mark xv
906,iwc,mark xvi
907,iwc,mark xvii
908,iwc,mark xviii
909,iwc,pilot ceramic doppelchronograph
910,iwc,pilot chronograph
911,iwc,pilot chronograph 3706
912,iwc,pilot chronograph 3717
913,iwc,pilot chronograph 3777
914,iwc,pilot doppelchronograph 3713
915,iwc,pilot spitfire chronograph 3878
916,iwc,pilot spitfire doppelchronograph 3718
917,iwc,pilot utc
918,iwc,pilot vintage
919,iwc,pilot worldtimer
920,iwc,portofino
921,iwc,portofino chronograph
922,iwc,portuguese
923,iwc,portuguese automatic 5001
924,iwc,portuguese automatic 5007
925,iwc,portuguese chronograph
926,iwc,portuguese chronograph classic
927,iwc,portuguese chronograph yacht club
928,iwc,portuguese hand-wound
929,iwc,portuguese hand-wound eight days
930,iwc,portuguese jubilee
931,iwc,portuguese perpetual calendar
932,iwc,portuguese rattrapante
933,iwc,portuguese regulateur
934,iwc,portuguese small portuguese
935,iwc,top gun big pilot 5019
936,iwc,top gun pilot chronograph 3789
937,iwc,top gun pilot chronograph 3880
938,iwc,top gun pilot doppelchronograph
939,jacques lemans, 
940,jacques monnat, 
941,jaeger-lecoultre,amvox
942,jaeger-lecoultre,amvox 2
943,jaeger-lecoultre,amvox 2 dbs
944,jaeger-lecoultre,amvox 3
945,jaeger-lecoultre,amvox 5
946,jaeger-lecoultre,amvox aston martin
947,jaeger-lecoultre,atmos
948,jaeger-lecoultre,deep sea chronograph
949,jaeger-lecoultre,deep sea vintage chronograph
950,jaeger-lecoultre,duometre
951,jaeger-lecoultre,gentilhomme
952,jaeger-lecoultre,geophysic
953,jaeger-lecoultre,grande reverso
954,jaeger-lecoultre,grande reverso calendar moonphase
955,jaeger-lecoultre,grande reverso ultra thin
956,jaeger-lecoultre,master calendar
957,jaeger-lecoultre,master chronograph
958,jaeger-lecoultre,master compressor chronograph
959,jaeger-lecoultre,master compressor diving chronograph
960,jaeger-lecoultre,master compressor diving gmt
961,jaeger-lecoultre,master compressor extreme world chronograph
962,jaeger-lecoultre,master compressor geographic
963,jaeger-lecoultre,master compressor gmt
964,jaeger-lecoultre,master compressor ladies
965,jaeger-lecoultre,master compressor navy seals
966,jaeger-lecoultre,master control
967,jaeger-lecoultre,master control reserve de marche
968,jaeger-lecoultre,master geographic
969,jaeger-lecoultre,master grande ultra thin
970,jaeger-lecoultre,master hometime
971,jaeger-lecoultre,master minute repeater
972,jaeger-lecoultre,master perpetual
973,jaeger-lecoultre,master reveil
974,jaeger-lecoultre,master tourbillon
975,jaeger-lecoultre,master ultra thin
976,jaeger-lecoultre,master ultra thin moon
977,jaeger-lecoultre,master world geographic
978,jaeger-lecoultre,memovox
979,jaeger-lecoultre,memovox tribute to polaris
980,jaeger-lecoultre,reverso
981,jaeger-lecoultre,reverso 1931 tribute
982,jaeger-lecoultre,reverso calendar
983,jaeger-lecoultre,reverso duoface
984,jaeger-lecoultre,reverso grande date
985,jaeger-lecoultre,reverso grande gmt
986,jaeger-lecoultre,reverso grande taille
987,jaeger-lecoultre,reverso gran sport
988,jaeger-lecoultre,reverso septantieme
989,jaeger-lecoultre,reverso squadra
990,jaeger-lecoultre,reverso squadra chronograph
991,jaquet droz, 
992,jean richard,1681
993,jean richard,aeroscope
994,jean richard,aquascope
995,jean richard,bressel
996,jean richard,chronoscope
997,jean richard,diverscope
998,jean richard,terrascope
999,jenny,caribbean
1000,jiusko, 
1001,jorg schauer, 
1002,junghans,max bill
1003,junghans,max bill chronoscope
1004,junghans,meister
1005,junghans,telemeter
1006,junkers,bauhaus
1007,junkers,cockpit
1008,junkers,dessau
1009,junkers,eisvogel
1010,junkers,g38
1011,junkers,mountain wave
1012,junkers,spitzbergen
1013,junkers,tante ju
1014,junkers,world timer
1015,kadloo, 
1016,kazimon, 
1017,kemmner,marine
1018,kemmner,octopus
1019,kemner, 
1020,kenneth cole, 
1021,kobold,arctic diver
1022,kobold,comanche
1023,kobold,phantom
1024,kobold,polar surveyor
1025,kobold,soarway
1026,kobold,spirit of america
1027,kobold,wct
1028,korsbek,hydro
1029,korsbek,oceaneer
1030,korsbek,ocean explorer
1031,krieger, 
1032,krypton, 
1033,laco,dortmund
1034,laco,flieger
1035,laco,friedrichshafen
1036,laco,kiel
1037,laco,munster
1038,laco,paderborn
1039,laco,replika
1040,laco,squad
1041,lejour, 
1042,lemania,hs9 chronograph
1043,leonidas, 
1044,lew & huey,acionna
1045,lew & huey,cerberus
1046,lew & huey,orthos
1047,lew & huey,riccardo
1048,lew & huey,spectre
1049,limes,chyros
1050,limes,endurance
1051,limes,neptun
1052,limes,nightflight
1053,limes,pharo
1054,linde werdelin,3 timer
1055,linde werdelin,hard black
1056,linde werdelin,oktopus
1057,linde werdelin,spidolite ii
1058,linde werdelin,the one
1059,longines,admiral
1060,longines,avigation
1061,longines,calatrava
1062,longines,conquest
1063,longines,conquest gmt
1064,longines,conquest moonphase
1065,longines,dolce vita
1066,longines,evidenza
1067,longines,flagship
1068,longines,grande vitesse
1069,longines,heritage conquest
1070,longines,heritage diver
1071,longines,heritage military
1072,longines,heritage railroad
1073,longines,hydroconquest
1074,longines,legend diver
1075,longines,lindbergh hour angle
1076,longines,master collection
1077,longines,nonius
1078,longines,saint-imier
1079,longines,silver arrow
1080,longines,spirit
1081,longines,ultrachron
1082,louis erard, 
1083,louis moinet, 
1084,louis vuitton, 
1085,lucien piccard, 
1086,luminox,1822
1087,luminox,1828
1088,luminox,3001
1089,luminox,3051
1090,luminox,atacama
1091,luminox,black ops
1092,luminox,colormark
1093,luminox,f-117 nighthawk
1094,luminox,f-22 raptor
1095,luminox,field
1096,luminox,mariner
1097,luminox,navy seal
1098,luminox,recon
1099,luminox,sentry
1100,lum-tec,300m-1
1101,lum-tec,500m-1
1102,lum-tec,600m-2
1103,lum-tec,m41
1104,lum-tec,m5
1105,lum-tec,m53
1106,lum-tec,m68
1107,lum-tec,v1
1108,lum-tec,v4
1109,magrette,dual time
1110,magrette,moana pacific diver
1111,magrette,regattare
1112,magrette,regattare 2011
1113,magrette,regattare bronze
1114,magrette,regattare chronograph
1115,maranez,bangla
1116,maranez,kata
1117,maranez,layan
1118,maranez,rawai
1119,maratac,gpt-1
1120,maratac,pilot
1121,marathon,csar
1122,marathon,general purpose mechanical
1123,marathon,general purpose quartz
1124,marathon,gg-w-113
1125,marathon,gsar
1126,marathon,jdd
1127,marathon,jsar
1128,marathon,navigator
1129,marathon,sar
1130,marathon,tsar
1131,martin braun, 
1132,marvin, 
1133,maurice lacroix,les classiques
1134,maurice lacroix,masterpiece
1135,maurice lacroix,miros
1136,maurice lacroix,pontos
1137,meistersinger,n1
1138,meistersinger,n3
1139,meistersinger,neo
1140,meistersinger,perigraph
1141,mercer, 
1142,merkur,oceanmaster
1143,merkur,tuna
1144,merkur,turtle
1145,michael kors, 
1146,midas, 
1147,mido,belluna ii
1148,mido,commander
1149,mido,multifort
1150,mido,ocean star
1151,mido,ocean star captain iv
1152,mido,ocean star captain v
1153,mido,ocean star titanium
1154,mih, 
1155,mille metri, 
1156,miltat, 
1157,minerva, 
1158,mkii,blackwater
1159,mkii,hawkinge
1160,mkii,key west
1161,mkii,kingston
1162,mkii,lrrp
1163,mkii,milsub
1164,mkii,nassau
1165,mkii,paradive
1166,mkii,quad 10
1167,mkii,seafighter
1168,mkii,stingray
1169,mkii,vantage
1170,momentum, 
1171,momo, 
1172,mondaine, 
1173,monta,oceanking
1174,monta,skyquest
1175,monta,triumph
1176,montblanc,meisterstruck
1177,montblanc,nicolas rieussec
1178,montblanc,star
1179,montblanc,timewalker
1180,movado,800
1181,movado,bold
1182,movado,circa chronograph
1183,movado,datron
1184,movado,elliptica
1185,movado,kingmatic
1186,movado,m90 chronograph
1187,movado,m95 chronograph
1188,movado,museum
1189,movado,museum sport
1190,movado,sub sea
1191,movado,tempomatic
1192,movado,triple date calendar
1193,muhle glashutte,big sports
1194,muhle glashutte,rasmus
1195,muhle glashutte,sar
1196,muhle glashutte,seebataillon gmt
1197,muhle glashutte,terranaut
1198,muhle glashutte,terrasport
1199,mwc, 
1200,nautica, 
1201,nauticfish, 
1202,nicolet watch, 
1203,nike, 
1204,nivada,austin
1205,nivada,chronoking
1206,nivada,chronomaster aviator seadiver
1207,nivada,chronomaster aviator sea king
1208,nivada,colorama
1209,nivada,compensamatic
1210,nivada,datomater
1211,nivada,grenchen antartic
1212,nivada,grenchen depthmaster
1213,nivada,grenchen depthomatic
1214,nivada,grenchen gmt
1215,nivada,rodania
1216,nivada,taravana
1217,nivrel, 
1218,nixon, 
1219,nodus,contrail
1220,nodus,retrospect
1221,nodus,trieste
1222,nomos,ahoi
1223,nomos,ahoi atlantik
1224,nomos,club
1225,nomos,club campus
1226,nomos,club dunkel
1227,nomos,lambda
1228,nomos,ludwig
1229,nomos,metro
1230,nomos,metro neomatic
1231,nomos,minimatik
1232,nomos,orion
1233,nomos,tangente
1234,nomos,tangente datum
1235,nomos,tangente datum gangreserve
1236,nomos,tangente update 41
1237,nomos,tangomat
1238,nomos,tangomat gmt
1239,nomos,tetra
1240,nomos,zurich
1241,nomos,zurich weltzeit
1242,nth,amphion
1243,nth,antilles
1244,nth,azores
1245,nth,barracuda
1246,nth,devilray
1247,nth,näcken
1248,nth,oberon
1249,nth,santa fe
1250,nth,scorpène
1251,oakley, 
1252,obris morgan,aegis
1253,obris morgan,aegis ii
1254,obris morgan,branco
1255,obris morgan,explorer
1256,obris morgan,explorer ii
1257,obris morgan,infinity
1258,obris morgan,nevon
1259,obris morgan,pradata
1260,ocean7,classic 12
1261,ocean7,classic plongeur
1262,ocean7,early bird
1263,ocean7,lm-2
1264,ocean7,lm-5
1265,ocean7,lm-7
1266,ocean7,lm-8
1267,ocean7,pilot
1268,oceanaut, 
1269,oceanx, 
1270,ochs und junior, 
1271,olivier, 
1272,ollech & wajs,34017
1273,ollech & wajs,34017-33
1274,ollech & wajs,44017
1275,ollech & wajs,44017-33
1276,ollech & wajs,44018
1277,ollech & wajs,44018-33
1278,ollech & wajs,caribbean
1279,ollech & wajs,cobra
1280,ollech & wajs,cougar
1281,ollech & wajs,cougar iii
1282,ollech & wajs,jump hour
1283,ollech & wajs,m-2a sapphire
1284,ollech & wajs,mirage iii
1285,ollech & wajs,ocean master
1286,ollech & wajs,toledo
1287,olma, 
1288,omega,aqua terra master co-axial
1289,omega,aviator ck2042
1290,omega,constellation
1291,omega,constellation lcd
1292,omega,de ville
1293,omega,de ville chronograph
1294,omega,de ville chronoscope
1295,omega,dynamic
1296,omega,dynamic chronograph
1297,omega,f300
1298,omega,fat arrow 2777-1
1299,omega,flightmaster
1300,omega,geneve
1301,omega,memomatic
1302,omega,railmaster
1303,omega,seamaster
1304,omega,seamaster 135.027
1305,omega,seamaster 136.027
1306,omega,seamaster 145.020
1307,omega,seamaster 166.002
1308,omega,seamaster 176
1309,omega,seamaster 176.001
1310,omega,seamaster 176.005
1311,omega,seamaster 176.007
1312,omega,seamaster 1948
1313,omega,seamaster 212.30.41.20.01.001
1314,omega,seamaster 212.30.41.20.01.002
1315,omega,seamaster 212.30.41.20.01.003
1316,omega,seamaster 212.30.41.20.03.001
1317,omega,seamaster 2220.80
1318,omega,seamaster 2221.80
1319,omega,seamaster 2226.80
1320,omega,seamaster 2230.50
1321,omega,seamaster 2254.50
1322,omega,seamaster 2255.80
1323,omega,seamaster 2264.50
1324,omega,seamaster 2265.80
1325,omega,seamaster 2501.80
1326,omega,seamaster 2511.31
1327,omega,seamaster 2511.50
1328,omega,seamaster 2531.80
1329,omega,seamaster 2537.80
1330,omega,seamaster 2541.80
1331,omega,seamaster 2551.80
1332,omega,seamaster 2599.80
1333,omega,seamaster 300
1334,omega,seamaster 300 master
1335,omega,seamaster aqua terra
1336,omega,seamaster aqua terra gmt
1337,omega,seamaster chronograph 213.30.42.40.01.001
1338,omega,seamaster chronograph 2225.80.00
1339,omega,seamaster chronograph 2594.52
1340,omega,seamaster chronograph 2599.80
1341,omega,seamaster chronostop
1342,omega,seamaster ck 2576
1343,omega,seamaster cosmic
1344,omega,seamaster gmt
1345,omega,seamaster gmt 2534.50
1346,omega,seamaster gmt 2535.80
1347,omega,seamaster gmt 2538.20
1348,omega,seamaster planet ocean
1349,omega,seamaster planet ocean chronograph
1350,omega,seamaster 'ploprof'
1351,omega,seamaster professional chronograph
1352,omega,seamaster st165.024
1353,omega,spacemaster
1354,omega,speedmaster
1355,omega,speedmaster 105.002
1356,omega,speedmaster 105.003
1357,omega,speedmaster 105.012
1358,omega,speedmaster 125 378.0801
1359,omega,speedmaster 145.012
1360,omega,speedmaster 145.022
1361,omega,speedmaster 154.022
1362,omega,speedmaster 311.30.42.30.01.005
1363,omega,speedmaster 3210.52
1364,omega,speedmaster 3211.31
1365,omega,speedmaster 3220.50
1366,omega,speedmaster 3366.51
1367,omega,speedmaster 3510.12
1368,omega,speedmaster 3511.50
1369,omega,speedmaster 3513.33
1370,omega,speedmaster 3513.50
1371,omega,speedmaster 3513.82
1372,omega,speedmaster 3520.50
1373,omega,speedmaster 3521.30
1374,omega,speedmaster 3523.80
1375,omega,speedmaster 3551.20
1376,omega,speedmaster 3558.50
1377,omega,speedmaster 3559.32
1378,omega,speedmaster 3570.40
1379,omega,speedmaster 3570.50
1380,omega,speedmaster 3572.50
1381,omega,speedmaster 3573.50
1382,omega,speedmaster 3575.20
1383,omega,speedmaster 3577.50
1384,omega,speedmaster 3590.50
1385,omega,speedmaster 3592.50
1386,omega,speedmaster 3594.50
1387,omega,speedmaster 3595.52
1388,omega,speedmaster 3597.22
1389,omega,speedmaster 3870.50
1390,omega,speedmaster 3873.50
1391,omega,speedmaster '57
1392,omega,speedmaster alaska project
1393,omega,speedmaster apollo 15
1394,omega,speedmaster broad arrow
1395,omega,speedmaster ck 2915
1396,omega,speedmaster ck2998
1397,omega,speedmaster co-axial 9300
1398,omega,speedmaster 'dark side of the moon'
1399,omega,speedmaster 'first omega in space'
1400,omega,speedmaster gold
1401,omega,speedmaster 'grey side of the moon'
1402,omega,speedmaster 'last man on the moon'
1403,omega,speedmaster lcd 186
1404,omega,speedmaster mark 4.5
1405,omega,speedmaster mark ii
1406,omega,speedmaster mark ii 327.10.43.50.06.001
1407,omega,speedmaster mark iii
1408,omega,speedmaster mark iv
1409,omega,speedmaster moonphase
1410,omega,speedmaster moonphase 3576.50
1411,omega,speedmaster moonphase master co-axial
1412,omega,speedmaster olympic
1413,omega,speedmaster reduced
1414,omega,speedmaster sapphire
1415,omega,speedmaster schumacher
1416,omega,speedmaster skywalker x-33
1417,omega,speedmaster solar impulse gmt
1418,omega,speedmaster titanium
1419,omega,speedmaster torino
1420,omega,speedy tuesday
1421,orbita, 
1422,orient,300m
1423,orient,bambino
1424,orient,captain
1425,orient,champion
1426,orient,curator
1427,orient,defender
1428,orient,king diver
1429,orient,mako
1430,orient,mako ii
1431,orient,mako usa
1432,orient,mako xl
1433,orient,marshall
1434,orient,m-force
1435,orient,producer
1436,orient,ranger
1437,orient,ray black
1438,orient,ray blue
1439,orient,ray ii
1440,orient,ray orange
1441,orient,saturation diver
1442,orient,sentinel
1443,orient,star
1444,orient,world timer
1445,oris,aquis
1446,oris,aquis chronograph
1447,oris,aquis depth gauge
1448,oris,aquis maldives
1449,oris,aquis titan
1450,oris,artelier
1451,oris,artelier skeleton
1452,oris,artix
1453,oris,bc3
1454,oris,bc4
1455,oris,big crown
1456,oris,big crown propilot
1457,oris,bob dylan
1458,oris,carlos coste
1459,oris,chronoris
1460,oris,classic date
1461,oris,depth gauge diver
1462,oris,divers sixty-five
1463,oris,divers titanium chronograph
1464,oris,flight timer
1465,oris,miles davis
1466,oris,pointer date
1467,oris,prodiver
1468,oris,prodiver chronograph
1469,oris,prodiver gmt
1470,oris,prodiver pointer moon
1471,oris,swiss hunter team
1472,oris,tt1
1473,oris,tt2
1474,oris,tt3
1475,oris,williams f1
1476,orsa, 
1477,owc, 
1478,panerai,pam 000
1479,panerai,pam 001
1480,panerai,pam 001b
1481,panerai,pam 002
1482,panerai,pam 004
1483,panerai,pam 005
1484,panerai,pam 009
1485,panerai,pam 022
1486,panerai,pam 023
1487,panerai,pam 024
1488,panerai,pam 025
1489,panerai,pam 026
1490,panerai,pam 027
1491,panerai,pam 028
1492,panerai,pam 029
1493,panerai,pam 036
1494,panerai,pam 040
1495,panerai,pam 045
1496,panerai,pam 048
1497,panerai,pam 049
1498,panerai,pam 050
1499,panerai,pam 052
1500,panerai,pam 056
1501,panerai,pam 065
1502,panerai,pam 067
1503,panerai,pam 069
1504,panerai,pam 072
1505,panerai,pam 074
1506,panerai,pam 078
1507,panerai,pam 080
1508,panerai,pam 081
1509,panerai,pam 082
1510,panerai,pam 086
1511,panerai,pam 087
1512,panerai,pam 088
1513,panerai,pam 089
1514,panerai,pam 090
1515,panerai,pam 091
1516,panerai,pam 092
1517,panerai,pam 104
1518,panerai,pam 105
1519,panerai,pam 106
1520,panerai,pam 111
1521,panerai,pam 112
1522,panerai,pam 113
1523,panerai,pam 114
1524,panerai,pam 115
1525,panerai,pam 118
1526,panerai,pam 119
1527,panerai,pam 123
1528,panerai,pam 124
1529,panerai,pam 125
1530,panerai,pam 127
1531,panerai,pam 153
1532,panerai,pam 156
1533,panerai,pam 159
1534,panerai,pam 160
1535,panerai,pam 161
1536,panerai,pam 162
1537,panerai,pam 163
1538,panerai,pam 164
1539,panerai,pam 165
1540,panerai,pam 172
1541,panerai,pam 173
1542,panerai,pam 176
1543,panerai,pam 177
1544,panerai,pam 183
1545,panerai,pam 184
1546,panerai,pam 186
1547,panerai,pam 187
1548,panerai,pam 188
1549,panerai,pam 190
1550,panerai,pam 192
1551,panerai,pam 194
1552,panerai,pam 199
1553,panerai,pam 201
1554,panerai,pam 202
1555,panerai,pam 203
1556,panerai,pam 210
1557,panerai,pam 212
1558,panerai,pam 213
1559,panerai,pam 214
1560,panerai,pam 215
1561,panerai,pam 217
1562,panerai,pam 219
1563,panerai,pam 220
1564,panerai,pam 222
1565,panerai,pam 231
1566,panerai,pam 232
1567,panerai,pam 233
1568,panerai,pam 236
1569,panerai,pam 237
1570,panerai,pam 240
1571,panerai,pam 241
1572,panerai,pam 243
1573,panerai,pam 244
1574,panerai,pam 249
1575,panerai,pam 250
1576,panerai,pam 251
1577,panerai,pam 253
1578,panerai,pam 254
1579,panerai,pam 262
1580,panerai,pam 268
1581,panerai,pam 270
1582,panerai,pam 275
1583,panerai,pam 277
1584,panerai,pam 283
1585,panerai,pam 287
1586,panerai,pam 288
1587,panerai,pam 289
1588,panerai,pam 292
1589,panerai,pam 297
1590,panerai,pam 299
1591,panerai,pam 300
1592,panerai,pam 301
1593,panerai,pam 301k
1594,panerai,pam 305
1595,panerai,pam 307
1596,panerai,pam 308
1597,panerai,pam 311
1598,panerai,pam 312
1599,panerai,pam 317
1600,panerai,pam 320
1601,panerai,pam 321
1602,panerai,pam 323
1603,panerai,pam 328
1604,panerai,pam 329
1605,panerai,pam 335
1606,panerai,pam 336
1607,panerai,pam 337
1608,panerai,pam 338
1609,panerai,pam 339
1610,panerai,pam 341
1611,panerai,pam 346
1612,panerai,pam 349
1613,panerai,pam 351
1614,panerai,pam 352
1615,panerai,pam 359
1616,panerai,pam 360
1617,panerai,pam 361
1618,panerai,pam 364
1619,panerai,pam 366
1620,panerai,pam 368
1621,panerai,pam 369
1622,panerai,pam 371
1623,panerai,pam 372
1624,panerai,pam 375
1625,panerai,pam 376
1626,panerai,pam 380
1627,panerai,pam 382
1628,panerai,pam 384
1629,panerai,pam 388
1630,panerai,pam 389
1631,panerai,pam 390
1632,panerai,pam 392
1633,panerai,pam 399
1634,panerai,pam 411
1635,panerai,pam 421
1636,panerai,pam 422
1637,panerai,pam 423
1638,panerai,pam 424
1639,panerai,pam 425
1640,panerai,pam 438
1641,panerai,pam 439
1642,panerai,pam 441
1643,panerai,pam 448
1644,panerai,pam 449
1645,panerai,pam 48c
1646,panerai,pam 504
1647,panerai,pam 505
1648,panerai,pam 507
1649,panerai,pam 508
1650,panerai,pam 510
1651,panerai,pam 512
1652,panerai,pam 514
1653,panerai,pam 515
1654,panerai,pam 516
1655,panerai,pam 523
1656,panerai,pam 524
1657,panerai,pam 526
1658,panerai,pam 532
1659,panerai,pam 557
1660,panerai,pam 560
1661,panerai,pam 561
1662,panerai,pam 562
1663,panerai,pam 563
1664,panerai,pam 564
1665,panerai,pam 569
1666,panerai,pam 572
1667,panerai,pam 577
1668,panerai,pam 579
1669,panerai,pam 580
1670,panerai,pam 587
1671,panerai,pam 590
1672,panerai,pam 602
1673,panerai,pam 603
1674,panerai,pam 604
1675,panerai,pam 605
1676,panerai,pam 609
1677,panerai,pam 610
1678,panerai,pam 615
1679,panerai,pam 616
1680,panerai,pam 617
1681,panerai,pam 620
1682,panerai,pam 622
1683,panerai,pam 629
1684,panerai,pam 630
1685,panerai,pam 632
1686,panerai,pam 634
1687,panerai,pam 655
1688,panerai,pam 662
1689,panerai,pam 663
1690,panerai,pam 673
1691,panerai,pam 785
1692,panerai,pam 813
1693,panerai,pam 814
1694,panerai,pam 818
1695,parmigiani,kalpa
1696,parmigiani,pershing
1697,parmigiani,tonda
1698,parmigiani,toric
1699,parnis, 
1700,patek philippe,annual calendar
1701,patek philippe,aquanaut
1702,patek philippe,aquanaut ladies
1703,patek philippe,calatrava
1704,patek philippe,calatrava ladies
1705,patek philippe,chronograph
1706,patek philippe,complicated
1707,patek philippe,complicated ladies
1708,patek philippe,golden ellipse
1709,patek philippe,gondolo
1710,patek philippe,gondolo ladies
1711,patek philippe,grand complications
1712,patek philippe,limited edition
1713,patek philippe,nautilus
1714,patek philippe,nautilus ladies
1715,patek philippe,perpetual calendar
1716,patek philippe,travel time
1717,patek philippe,twenty-4
1718,patek philippe,world time
1719,paul gerber, 
1720,perrelet,big date
1721,perrelet,chronograph
1722,perrelet,dual rotor
1723,perrelet,first class
1724,perrelet,seacraft
1725,perrelet,skeleton
1726,perrelet,turbine
1727,philip stein, 
1728,piaget,forty five
1729,piaget,polo
1730,piaget,tanagra
1731,poljot,alarm
1732,poljot,aviator
1733,poljot,ocean
1734,poljot,pilot
1735,porsche design, 
1736,precista,prs-18
1737,precista,prs-20
1738,precista,prs-50
1739,precista,prs-82
1740,precista,prs-9
1741,prometheus,baiji
1742,prometheus,jellyfish
1743,prometheus,manta ray
1744,prometheus,ocean diver
1745,prometheus,piranha
1746,prometheus,poseidon
1747,prometheus,sailfish
1748,pulsar, 
1749,rado,captain cook
1750,rado,diamaster
1751,rado,diastar
1752,rado,d-star 200
1753,rado,golden horse
1754,rado,original automatic
1755,rado,original diver
1756,rado,voyager
1757,raketa, 
1758,raven,deep tech
1759,raven,defender
1760,raven,trekker
1761,raven,venture
1762,raven,vintage
1763,raymond weil,don giovanni
1764,raymond weil,freelancer
1765,raymond weil,maestro
1766,raymond weil,nabucco
1767,raymond weil,parsifal
1768,raymond weil,tradition
1769,reactor, 
1770,redsea, 
1771,renato, 
1772,resco,bullfrog
1773,ressence, 
1774,revue thommen, 
1775,rgm,300
1776,richard mille,rm002
1777,richard mille,rm005
1778,richard mille,rm010
1779,richard mille,rm011
1780,richard mille,rm016
1781,richard mille,rm028
1782,richard mille,rm029
1783,richard mille,rm035
1784,richard mille,rm055
1785,roamer, 
1786,rodina, 
1787,roger dubuis,easy diver
1788,roger dubuis,excalibur
1789,roger dubuis,pulsion
1790,roger dubuis,sympathie
1791,rolex,air-king
1792,rolex,air-king 1009
1793,rolex,air-king 114200
1794,rolex,air-king 114210
1795,rolex,air-king 114234
1796,rolex,air-king 116900
1797,rolex,air-king 14000
1798,rolex,air-king 14000m
1799,rolex,air-king 14010
1800,rolex,air-king 14010m
1801,rolex,air-king 4365
1802,rolex,air-king 4925
1803,rolex,air-king 5500
1804,rolex,air-king 5501
1805,rolex,air-king 5506
1806,rolex,air-king 5520
1807,rolex,air-king 5700
1808,rolex,air-king 5701
1809,rolex,air-king 6500
1810,rolex,air-king 6552
1811,rolex,air-king 7784
1812,rolex,bubbleback
1813,rolex,cellini
1814,rolex,date 115200
1815,rolex,date 115210
1816,rolex,date 115234
1817,rolex,date 1500
1818,rolex,date 15000
1819,rolex,date 1501
1820,rolex,date 15010
1821,rolex,date 1503
1822,rolex,date 15037
1823,rolex,date 15038
1824,rolex,date 1505
1825,rolex,date 15053
1826,rolex,date 15200
1827,rolex,date 15203
1828,rolex,date 15210
1829,rolex,date 15223
1830,rolex,date 15233
1831,rolex,date 15238
1832,rolex,date 1550
1833,rolex,date 15505
1834,rolex,date 1560
1835,rolex,date 1570
1836,rolex,date 1603
1837,rolex,date 1625
1838,rolex,date 5075
1839,rolex,date 6075
1840,rolex,date 6335
1841,rolex,date 6518
1842,rolex,date 6534
1843,rolex,date 6605
1844,rolex,date 6627
1845,rolex,datejust
1846,rolex,datejust 116135
1847,rolex,datejust 116138
1848,rolex,datejust 116139
1849,rolex,datejust 116185
1850,rolex,datejust 116188
1851,rolex,datejust 116189
1852,rolex,datejust 116199
1853,rolex,datejust 116200
1854,rolex,datejust 116201
1855,rolex,datejust 116203
1856,rolex,datejust 116208
1857,rolex,datejust 116231
1858,rolex,datejust 116233
1859,rolex,datejust 116234
1860,rolex,datejust 116238
1861,rolex,datejust 116243
1862,rolex,datejust 116244
1863,rolex,datejust 116261
1864,rolex,datejust 116263
1865,rolex,datejust 116264
1866,rolex,datejust 116285
1867,rolex,datejust 126334
1868,rolex,datejust 1600
1869,rolex,datejust 1601
1870,rolex,datejust 16013
1871,rolex,datejust 16014
1872,rolex,datejust 16018
1873,rolex,datejust 1603
1874,rolex,datejust 16030
1875,rolex,datejust 1607
1876,rolex,datejust 16078
1877,rolex,datejust 16200
1878,rolex,datejust 16203
1879,rolex,datejust 16220
1880,rolex,datejust 16233
1881,rolex,datejust 16234
1882,rolex,datejust 16238
1883,rolex,datejust 16248
1884,rolex,datejust 1625
1885,rolex,datejust 16263
1886,rolex,datejust 1630
1887,rolex,datejust 16364
1888,rolex,datejust 179163
1889,rolex,datejust 6305
1890,rolex,datejust 6518
1891,rolex,datejust 6604
1892,rolex,datejust 6605
1893,rolex,datejust 6827
1894,rolex,datejust 69173
1895,rolex,datejust ii
1896,rolex,datejust ii 116300
1897,rolex,datejust ii 116333
1898,rolex,datejust ii 116334
1899,rolex,day-date
1900,rolex,day-date 118205
1901,rolex,day-date 118206
1902,rolex,day-date 118208
1903,rolex,day-date 118209
1904,rolex,day-date 118235
1905,rolex,day-date 118238
1906,rolex,day-date 118239
1907,rolex,day-date 118296
1908,rolex,day-date 118338
1909,rolex,day-date 118339
1910,rolex,day-date 118346
1911,rolex,day-date 118348
1912,rolex,day-date 118366
1913,rolex,day-date 118388
1914,rolex,day-date 118398
1915,rolex,day-date 118399
1916,rolex,day-date 18026
1917,rolex,day-date 1803
1918,rolex,day-date 18038
1919,rolex,day-date 18039
1920,rolex,day-date 1804
1921,rolex,day-date 18048
1922,rolex,day-date 1807
1923,rolex,day-date 18078
1924,rolex,day-date 18238
1925,rolex,day-date 18239
1926,rolex,day-date 18248
1927,rolex,day-date 18308
1928,rolex,day-date 18346
1929,rolex,day-date 18946
1930,rolex,day-date 18948
1931,rolex,day-date 18956
1932,rolex,day-date 18958
1933,rolex,day-date 19018
1934,rolex,day-date 6511
1935,rolex,day-date 6611
1936,rolex,day-date 6611b
1937,rolex,day-date ii
1938,rolex,day-date ii rose gold
1939,rolex,daytona
1940,rolex,daytona 116500
1941,rolex,daytona 116500ln
1942,rolex,daytona 116503
1943,rolex,daytona 116505
1944,rolex,daytona 116506
1945,rolex,daytona 116509
1946,rolex,daytona 116515
1947,rolex,daytona 116518
1948,rolex,daytona 116519
1949,rolex,daytona 116520
1950,rolex,daytona 116523
1951,rolex,daytona 116528
1952,rolex,daytona 116568
1953,rolex,daytona 116576
1954,rolex,daytona 116589
1955,rolex,daytona 116598
1956,rolex,daytona 116599
1957,rolex,daytona 16518
1958,rolex,daytona 16519
1959,rolex,daytona 16520
1960,rolex,daytona 16523
1961,rolex,daytona 16528
1962,rolex,daytona 16568
1963,rolex,daytona 6239
1964,rolex,daytona 6240
1965,rolex,daytona 6241
1966,rolex,daytona 6262
1967,rolex,daytona 6263
1968,rolex,daytona 6264
1969,rolex,daytona 6265
1970,rolex,explorer
1971,rolex,explorer 1016
1972,rolex,explorer 1038
1973,rolex,explorer 114270
1974,rolex,explorer 14270
1975,rolex,explorer 214270
1976,rolex,explorer 5500
1977,rolex,explorer 5501
1978,rolex,explorer 5504
1979,rolex,explorer 6098
1980,rolex,explorer 6150
1981,rolex,explorer 6298
1982,rolex,explorer 6305
1983,rolex,explorer 6350
1984,rolex,explorer 6610
1985,rolex,explorer ii
1986,rolex,explorer ii 1655
1987,rolex,explorer ii 16550
1988,rolex,explorer ii 16570
1989,rolex,explorer ii 216570
1990,rolex,gmt 1675
1991,rolex,gmt-master
1992,rolex,gmt-master 16700
1993,rolex,gmt-master 16713
1994,rolex,gmt-master 1675
1995,rolex,gmt-master 16750
1996,rolex,gmt-master 16753
1997,rolex,gmt-master 16758
1998,rolex,gmt-master 6542
1999,rolex,gmt-master ii
2000,rolex,gmt-master ii 115710ln
2001,rolex,gmt-master ii 116710
2002,rolex,gmt-master ii 116710 blnr
2003,rolex,gmt-master ii 116710ln
2004,rolex,gmt-master ii 1167119
2005,rolex,gmt-master ii 116713
2006,rolex,gmt-master ii 116718
2007,rolex,gmt master-ii 116719 blro
2008,rolex,gmt-master ii 116719 blro
2009,rolex,gmt-master ii 116758
2010,rolex,gmt-master ii 116759
2011,rolex,gmt-master ii 126710
2012,rolex,gmt-master ii 126710 blro
2013,rolex,gmt master-ii 126711
2014,rolex,gmt master-ii 126711 chnr
2015,rolex,gmt master-ii 126715 chnr
2016,rolex,gmt-master ii 16710
2017,rolex,gmt master-ii 16710a
2018,rolex,gmt master-ii 16710b
2019,rolex,gmt-master ii 16713
2020,rolex,gmt-master ii 16718
2021,rolex,gmt-master ii 16760
2022,rolex,milgauss
2023,rolex,milgauss 1019
2024,rolex,milgauss 116400
2025,rolex,milgauss 116400gv
2026,rolex,milgauss 16600
2027,rolex,oyster perpetual
2028,rolex,oyster perpetual 1002
2029,rolex,oyster perpetual 1003
2030,rolex,oyster perpetual 1004
2031,rolex,oyster perpetual 1005
2032,rolex,oyster perpetual 1006
2033,rolex,oyster perpetual 1007
2034,rolex,oyster perpetual 1008
2035,rolex,oyster perpetual 1010
2036,rolex,oyster perpetual 1014
2037,rolex,oyster perpetual 1018
2038,rolex,oyster perpetual 1023
2039,rolex,oyster perpetual 1024
2040,rolex,oyster perpetual 1025
2041,rolex,oyster perpetual 1030
2042,rolex,oyster perpetual 1038
2043,rolex,oyster perpetual 14203
2044,rolex,oyster perpetual 14203m
2045,rolex,oyster perpetual 14208
2046,rolex,oyster perpetual 14208m
2047,rolex,oyster perpetual 14233m
2048,rolex,oyster perpetual 14238
2049,rolex,oyster perpetual 1500
2050,rolex,oyster perpetual 1501
2051,rolex,oyster perpetual 1565
2052,rolex,oyster perpetual 5500
2053,rolex,oyster perpetual 6085
2054,rolex,oyster perpetual 6103
2055,rolex,oyster perpetual 6177
2056,rolex,oyster perpetual 6202
2057,rolex,oyster perpetual 6284
2058,rolex,oyster perpetual 6518
2059,rolex,oyster perpetual 6532
2060,rolex,oyster perpetual 6546
2061,rolex,oyster perpetual 6548
2062,rolex,oyster perpetual 6549
2063,rolex,oyster perpetual 6551
2064,rolex,oyster perpetual 6552
2065,rolex,oyster perpetual 6556
2066,rolex,oyster perpetual 6564
2067,rolex,oyster perpetual 6565
2068,rolex,oyster perpetual 6567
2069,rolex,oyster perpetual 6569
2070,rolex,oyster perpetual 6580
2071,rolex,oyster perpetual 6582
2072,rolex,oyster perpetual 6584
2073,rolex,oyster perpetual 6590
2074,rolex,oyster perpetual 6605
2075,rolex,oyster perpetual 6623
2076,rolex,oyster perpetual 6634
2077,rolex,oysterquartz
2078,rolex,pearlmaster
2079,rolex,precision
2080,rolex,sea-dweller
2081,rolex,sea-dweller 116600
2082,rolex,sea-dweller 116660
2083,rolex,sea-dweller 126600
2084,rolex,sea-dweller 16600
2085,rolex,sea-dweller 1665
2086,rolex,sea-dweller 16660
2087,rolex,sky-dweller
2088,rolex,submariner
2089,rolex,submariner 114060
2090,rolex,submariner 116610
2091,rolex,submariner 116610ln
2092,rolex,submariner 116610lv
2093,rolex,submariner 116613
2094,rolex,submariner 116613lb
2095,rolex,submariner 116613ln
2096,rolex,submariner 116618
2097,rolex,submariner 116618lb
2098,rolex,submariner 116618ln
2099,rolex,submariner 116619
2100,rolex,submariner 116619lb
2101,rolex,submariner 14060
2102,rolex,submariner 14060m
2103,rolex,submariner 16610
2104,rolex,submariner 16610ln
2105,rolex,submariner 16610lv
2106,rolex,submariner 16610v
2107,rolex,submariner 16613
2108,rolex,submariner 1680
2109,rolex,submariner 16800
2110,rolex,submariner 168000
2111,rolex,submariner 16808
2112,rolex,submariner 1680/8
2113,rolex,submariner 5508
2114,rolex,submariner 5510
2115,rolex,submariner 5512
2116,rolex,submariner 5513
2117,rolex,submariner 5513/17
2118,rolex,submariner 5514
2119,rolex,submariner 5517
2120,rolex,submariner 6200
2121,rolex,submariner 6204
2122,rolex,submariner 6205
2123,rolex,submariner 6536
2124,rolex,submariner 6536/1
2125,rolex,submariner 6538
2126,rolex,submariner a/6538
2127,rolex,turn-o-graph
2128,rolex,yacht-master
2129,rolex,yacht-master 116621
2130,rolex,yacht-master 116622
2131,rolex,yacht-master 116655
2132,rolex,yacht-master 116680
2133,rolex,yacht-master 116681
2134,rolex,yacht-master 116688
2135,rolex,yacht-master 116689
2136,rolex,yacht-master 116695
2137,rolex,yacht-master 16622
2138,rolex,yacht-master 16623
2139,rolex,yacht-master 166233
2140,rolex,yacht-master 16628
2141,rolex,yacht-master 168622
2142,rolex,yacht-master 168623
2143,rolex,yacht-master 168628
2144,rolex,yacht-master 169622
2145,rolex,yacht-master 169623
2146,rolex,yacht-master 169628
2147,rolex,yacht-master 18622
2148,rolex,yacht-master 268622
2149,rolex,yacht-master 68623
2150,rolex,yacht-master 68628
2151,rolex,yacht-master 69623
2152,rolex,yacht-master 69628
2153,rolex,yacht-master ii
2154,rolex,yacht-master ii 166880
2155,romain jerome, 
2156,rotary,aquaplunge
2157,rxw, 
2158,sandoz, 
2159,sas, 
2160,schaumburg, 
2161,scurfa,bell diver 1
2162,scurfa,diver one
2163,scurfa,diver one m.s.17
2164,seagull,1963
2165,seagull,sector
2166,seiko,2559-7070
2167,seiko,2628-004a
2168,seiko,2906-0730
2169,seiko,3923-5010
2170,seiko,4006-7000
2171,seiko,4006-7002
2172,seiko,4205-0150
2173,seiko,4336-8050
2174,seiko,4402-8000
2175,seiko,4502-7001
2176,seiko,4823-8110
2177,seiko,4843-7000
2178,seiko,5126-6010
2179,seiko,5126-7030
2180,seiko,5126-8030
2181,seiko,5126-8060
2182,seiko,5126-8120
2183,seiko,5206-6050
2184,seiko,5216-5010
2185,seiko,5245-6000
2186,seiko,5246-6070
2187,seiko,5606-7000
2188,seiko,5606-7140
2189,seiko,5625-7000
2190,seiko,5625-7110
2191,seiko,5625-7111
2192,seiko,5626-7000
2193,seiko,5626-7070
2194,seiko,5646-7010
2195,seiko,5740-8000
2196,seiko,5856-8000
2197,seiko,5932-6009
2198,seiko,5h26-7a09
2199,seiko,5h26-7a10
2200,seiko,5h26-7a19
2201,seiko,5m65-0a20
2202,seiko,6105
2203,seiko,6106
2204,seiko,6117-6400
2205,seiko,6119
2206,seiko,6138
2207,seiko,6139
2208,seiko,6139-6000
2209,seiko,6139-6002
2210,seiko,6145-8000
2211,seiko,6146-8000
2212,seiko,6159-7001
2213,seiko,6206-8040
2214,seiko,6206-8990
2215,seiko,6216-9000
2216,seiko,6217
2217,seiko,6218-8971
2218,seiko,62mas
2219,seiko,6306-7000
2220,seiko,6306-7001
2221,seiko,6309
2222,seiko,6458-600b
2223,seiko,6602
2224,seiko,6619-8083
2225,seiko,6m37-6010
2226,seiko,7002
2227,seiko,7005-2000
2228,seiko,7005-7089
2229,seiko,7005-8020
2230,seiko,7006-7169
2231,seiko,7009
2232,seiko,7015-8000
2233,seiko,7016
2234,seiko,7016-5020
2235,seiko,7017
2236,seiko,7018
2237,seiko,7019-7060
2238,seiko,7223-6000
2239,seiko,7546-6040
2240,seiko,7546-8040
2241,seiko,7548
2242,seiko,7549-7010
2243,seiko,7625
2244,seiko,7820-9000
2245,seiko,7a28-6000
2246,seiko,7a28-7020
2247,seiko,7a28-7029
2248,seiko,7a28-7039
2249,seiko,7a28-7040
2250,seiko,7a28-7049
2251,seiko,7a28-7079
2252,seiko,7a28-7120
2253,seiko,7a38-6080
2254,seiko,7a38-7000
2255,seiko,7a38-7020
2256,seiko,7a38-702/a
2257,seiko,7a38-704/a
2258,seiko,7a38-7060
2259,seiko,7a38-706/a
2260,seiko,7a38-7070
2261,seiko,7a38-7080
2262,seiko,7a38-7130
2263,seiko,7a38-7190
2264,seiko,7a38-7270
2265,seiko,7c43-6010
2266,seiko,7c43-7000
2267,seiko,7c43-7010
2268,seiko,7n36-7a08
2269,seiko,7s26-0020
2270,seiko,7s26-0028
2271,seiko,7s36-0050
2272,seiko,7s36-01e0
2273,seiko,7t32-7a49
2274,seiko,7t59-6a00
2275,seiko,8123-6109
2276,seiko,8123-6250
2277,seiko,8123-7199
2278,seiko,8v36-0010
2279,seiko,9723-8040
2280,seiko,9923-7000
2281,seiko,9923-8050
2282,seiko,9943-8030
2283,seiko,alpinist
2284,seiko,ananta
2285,seiko,baby monster
2286,seiko,baby tuna
2287,seiko,bellmatic
2288,seiko,brightz
2289,seiko,bullhead
2290,seiko,fieldmaster
2291,seiko,fifty five fathoms
2292,seiko,gcbr999
2293,seiko,h4495040
2294,seiko,h558-5000
2295,seiko,h601-5480
2296,seiko,h601-8081
2297,seiko,land master
2298,seiko,m726
2299,seiko,monster
2300,seiko,neo monster
2301,seiko,pyf018
2302,seiko,pyf028
2303,seiko,s23155j
2304,seiko,sad017
2305,seiko,sad018
2306,seiko,samurai
2307,seiko,sara011
2308,seiko,sarb017
2309,seiko,sarb029
2310,seiko,sarb033
2311,seiko,sarb035
2312,seiko,sarb043
2313,seiko,sarb049
2314,seiko,sarb065
2315,seiko,sarb072
2316,seiko,sarg003
2317,seiko,sarg005
2318,seiko,sarg009
2319,seiko,sarg011
2320,seiko,sarg017
2321,seiko,sark005
2322,seiko,sark011
2323,seiko,sarn001
2324,seiko,sarw019
2325,seiko,sarw023
2326,seiko,sarw025
2327,seiko,sarw027
2328,seiko,sarx013
2329,seiko,sarx017
2330,seiko,sarx019
2331,seiko,sarx027
2332,seiko,sarx033
2333,seiko,sarx035
2334,seiko,sary001
2335,seiko,sary055
2336,seiko,sary085
2337,seiko,sary087
2338,seiko,sawtooth
2339,seiko,sbbn007
2340,seiko,sbbn00e
2341,seiko,sbbn011
2342,seiko,sbbn013
2343,seiko,sbbn015
2344,seiko,sbbn017
2345,seiko,sbbn019
2346,seiko,sbbn021
2347,seiko,sbbn025
2348,seiko,sbbn031
2349,seiko,sbbn033
2350,seiko,sbbn035
2351,seiko,sbbs018
2352,seiko,sbbt019
2353,seiko,sbbw047
2354,seiko,sbcm023
2355,seiko,sbcn003
2356,seiko,sbdb001
2357,seiko,sbdb005
2358,seiko,sbdb009
2359,seiko,sbdb013
2360,seiko,sbdc001
2361,seiko,sbdc003
2362,seiko,sbdc007
2363,seiko,sbdc027
2364,seiko,sbdc031
2365,seiko,sbdc033
2366,seiko,sbdc051
2367,seiko,sbdc053
2368,seiko,sbdj015
2369,seiko,sbdl051
2370,seiko,sbdn003
2371,seiko,sbdn035
2372,seiko,sbdw005
2373,seiko,sbdx001
2374,seiko,sbdx005
2375,seiko,sbdx007
2376,seiko,sbdx011
2377,seiko,sbdx012
2378,seiko,sbdx014
2379,seiko,sbdx016
2380,seiko,sbdx017
2381,seiko,sbep001
2382,seiko,sbfg003
2383,seiko,sbg017
2384,seiko,sbga001
2385,seiko,sbga003
2386,seiko,sbga005
2387,seiko,sbga011
2388,seiko,sbga029
2389,seiko,sbga031
2390,seiko,sbga083
2391,seiko,sbga085
2392,seiko,sbga103
2393,seiko,sbga105
2394,seiko,sbga107
2395,seiko,sbga109
2396,seiko,sbga111
2397,seiko,sbga125
2398,seiko,sbga127
2399,seiko,sbga211
2400,seiko,sbga229
2401,seiko,sbgc001
2402,seiko,sbgc003
2403,seiko,sbgc005
2404,seiko,sbgc013
2405,seiko,sbge001
2406,seiko,sbge005
2407,seiko,sbge011
2408,seiko,sbge033
2409,seiko,sbgf021
2410,seiko,sbgh001
2411,seiko,sbgh005
2412,seiko,sbgh035
2413,seiko,sbgh037
2414,seiko,sbgh039
2415,seiko,sbgj001
2416,seiko,sbgj001g
2417,seiko,sbgj003
2418,seiko,sbgj005
2419,seiko,sbgj007
2420,seiko,sbgj008
2421,seiko,sbgj010
2422,seiko,sbgj011
2423,seiko,sbgj013
2424,seiko,sbgj203
2425,seiko,sbgj227
2426,seiko,sbgm001
2427,seiko,sbgm021
2428,seiko,sbgm023
2429,seiko,sbgm029
2430,seiko,sbgr015
2431,seiko,sbgr051
2432,seiko,sbgr053
2433,seiko,sbgr057
2434,seiko,sbgr059
2435,seiko,sbgr061
2436,seiko,sbgr079
2437,seiko,sbgr091
2438,seiko,sbgr092
2439,seiko,sbgr094
2440,seiko,sbgr095
2441,seiko,sbgr097
2442,seiko,sbgr099
2443,seiko,sbgr101
2444,seiko,sbgv005
2445,seiko,sbgv007
2446,seiko,sbgv009
2447,seiko,sbgv011
2448,seiko,sbgv019
2449,seiko,sbgw001
2450,seiko,sbgw004
2451,seiko,sbgw031
2452,seiko,sbgw035
2453,seiko,sbgw253
2454,seiko,sbgx009
2455,seiko,sbgx059
2456,seiko,sbgx061
2457,seiko,sbgx089
2458,seiko,sbgx115
2459,seiko,sbgx117
2460,seiko,sbgx265
2461,seiko,sbqj015
2462,seiko,sbtr005
2463,seiko,sbx091
2464,seiko,scbs005
2465,seiko,sced035
2466,seiko,sced045
2467,seiko,sced055
2468,seiko,scve003
2469,seiko,scve045
2470,seiko,scvs003
2471,seiko,scvs013
2472,seiko,scvs015
2473,seiko,scxp051
2474,seiko,sdbd009
2475,seiko,sdgm001
2476,seiko,sdgz013
2477,seiko,shogun
2478,seiko,ska367
2479,seiko,ska371
2480,seiko,ska427
2481,seiko,skj137
2482,seiko,sks215p1
2483,seiko,skx007
2484,seiko,skx007j
2485,seiko,skx007k1
2486,seiko,skx007k2
2487,seiko,skx009
2488,seiko,skx009j
2489,seiko,skx009j1
2490,seiko,skx009k2
2491,seiko,skx011
2492,seiko,skx013
2493,seiko,skx023
2494,seiko,skx033j
2495,seiko,skx171
2496,seiko,skx173
2497,seiko,skx175
2498,seiko,skxa35
2499,seiko,skz211
2500,seiko,skz2111
2501,seiko,skz327
2502,seiko,sla013
2503,seiko,sla015
2504,seiko,sla017
2505,seiko,sna411
2506,seiko,sna414
2507,seiko,snac49p1
2508,seiko,snad05p1
2509,seiko,sncf17
2510,seiko,snd081p1
2511,seiko,snd225p1
2512,seiko,snd253p1
2513,seiko,snd255p1
2514,seiko,snd309p
2515,seiko,snda65
2516,seiko,sndc93p1
2517,seiko,sndf43p1
2518,seiko,sndf85
2519,seiko,sndf93
2520,seiko,sne361
2521,seiko,sne368
2522,seiko,sne393p2
2523,seiko,sne435
2524,seiko,sne437p1
2525,seiko,snk
2526,seiko,snk01
2527,seiko,snk793
2528,seiko,snk803
2529,seiko,snk807
2530,seiko,snk97
2531,seiko,snke01k1
2532,seiko,snkf55
2533,seiko,snkk47
2534,seiko,snkk87
2535,seiko,snkm45
2536,seiko,snkm99
2537,seiko,snkn01
2538,seiko,snkn37
2539,seiko,snkn41
2540,seiko,snkn72
2541,seiko,snm0011
2542,seiko,snm033
2543,seiko,snn095p1
2544,seiko,snn097p1
2545,seiko,snn219
2546,seiko,snn235
2547,seiko,snn255p1
2548,seiko,snr007
2549,seiko,snx123
2550,seiko,snx809
2551,seiko,snxj89
2552,seiko,snxs75
2553,seiko,snxs77k
2554,seiko,snzf11
2555,seiko,snzf13
2556,seiko,snzf15
2557,seiko,snzf17
2558,seiko,snzf17k1
2559,seiko,snzf23k1
2560,seiko,snzg
2561,seiko,snzg007
2562,seiko,snzg09k1
2563,seiko,snzg13
2564,seiko,snzh53
2565,seiko,snzh53k1
2566,seiko,snzh55
2567,seiko,snzh55k1
2568,seiko,spb045
2569,seiko,spb051
2570,seiko,spb053
2571,seiko,spb079
2572,seiko,spc079
2573,seiko,spc133p1
2574,seiko,spc155
2575,seiko,spork
2576,seiko,sportura
2577,seiko,srp043
2578,seiko,srp127
2579,seiko,srp234k1
2580,seiko,srp265
2581,seiko,srp292
2582,seiko,srp497
2583,seiko,srp577
2584,seiko,srp581
2585,seiko,srp585
2586,seiko,srp605
2587,seiko,srp637
2588,seiko,srp639
2589,seiko,srp641
2590,seiko,srp653
2591,seiko,srp713k1
2592,seiko,srp772
2593,seiko,srp773
2594,seiko,srp775
2595,seiko,srp777
2596,seiko,srp779
2597,seiko,srp787
2598,seiko,srp789
2599,seiko,srpa11k1
2600,seiko,srpa19k
2601,seiko,srpa21
2602,seiko,srpa21k
2603,seiko,srpa21k1
2604,seiko,srpa29
2605,seiko,srpa71
2606,seiko,srpb11
2607,seiko,srpb43
2608,seiko,srpb43j1
2609,seiko,srpb49
2610,seiko,srpb49k1
2611,seiko,srpb51
2612,seiko,srpb51j1
2613,seiko,srpb55
2614,seiko,srpb61k1
2615,seiko,srpc01
2616,seiko,srq019
2617,seiko,ssa281k1
2618,seiko,ssc021p1
2619,seiko,ssc081
2620,seiko,ssc081p1
2621,seiko,ssc261
2622,seiko,ssc491
2623,seiko,sse045
2624,seiko,stargate
2625,seiko,stfg075
2626,seiko,stfg077
2627,seiko,stfg079
2628,seiko,stgr001
2629,seiko,stgr003
2630,seiko,sumo
2631,seiko,sun015p1
2632,seiko,sun019
2633,seiko,sun023p1
2634,seiko,sun045
2635,seiko,sun065
2636,seiko,sunp19
2637,seiko,sur009p1
2638,seiko,trek monster
2639,seiko,tuna
2640,seiko,turtle
2641,seiko,turtle blue lagoon
2642,seiko,turtle zimbe
2643,seiko,velatura
2644,seiko,yaq028
2645,sevenfriday,m1
2646,sevenfriday,m2
2647,sevenfriday,p1
2648,sevenfriday,p2
2649,sevenfriday,p3
2650,shanghai, 
2651,shinola,argonite
2652,shinola,brakeman
2653,shinola,rambler gmt
2654,shinola,runwell
2655,shinola,scout
2656,sicura, 
2657,sinn,103
2658,sinn,103 st ar
2659,sinn,103 st sa
2660,sinn,103 testaf
2661,sinn,104
2662,sinn,140 a
2663,sinn,142
2664,sinn,144
2665,sinn,155
2666,sinn,156
2667,sinn,156b
2668,sinn,157
2669,sinn,203
2670,sinn,240
2671,sinn,240c
2672,sinn,256
2673,sinn,303
2674,sinn,356
2675,sinn,356 utc
2676,sinn,358
2677,sinn,556
2678,sinn,556a
2679,sinn,556i
2680,sinn,6000
2681,sinn,6015
2682,sinn,6026 st
2683,sinn,6068
2684,sinn,6100
2685,sinn,656
2686,sinn,657
2687,sinn,756 diapal
2688,sinn,756 ii
2689,sinn,756 iii
2690,sinn,756 s
2691,sinn,757
2692,sinn,757 ii
2693,sinn,757 iii
2694,sinn,809
2695,sinn,846 utc
2696,sinn,856
2697,sinn,857
2698,sinn,857 s
2699,sinn,857 utc
2700,sinn,900
2701,sinn,903
2702,sinn,956
2703,sinn,ezm 1
2704,sinn,ezm 10
2705,sinn,ezm 13
2706,sinn,ezm 2
2707,sinn,ezm 3
2708,sinn,ezm 5
2709,sinn,ezm 7
2710,sinn,military type iii
2711,sinn,t2
2712,sinn,u1
2713,sinn,u1000
2714,sinn,u1000b
2715,sinn,u1 sdr
2716,sinn,u1-t
2717,sinn,u1 white
2718,sinn,u2
2719,sinn,u200
2720,sinn,u212
2721,sinn,ux
2722,sinn,ux sdr
2723,sinn,ux-t
2724,skagen, 
2725,smiths,big date
2726,smiths,black shadow
2727,smiths,everest
2728,smiths,military
2729,smiths,nato
2730,smiths,seafire
2731,smiths,vintage
2732,smiths,w10
2733,sothis, 
2734,speake-marin,spirit
2735,speedbird,iii
2736,speedbird,prs-12
2737,spinnaker, 
2738,squale,101 atmos
2739,squale,20 atmos
2740,squale,20 atmos heritage
2741,squale,20 atmos maxi
2742,squale,20 atmos militaire
2743,squale,30 atmos
2744,squale,30 atmos gmt
2745,squale,30 atmos vintage
2746,squale,50 atmos
2747,squale,50 atmos originale
2748,squale,60 atmos
2749,squale,tavernier
2750,squale,tiger
2751,squale,tiger luminous
2752,steinhart,apollon
2753,steinhart,aviation
2754,steinhart,le mans
2755,steinhart,marine chronometer
2756,steinhart,marine officer
2757,steinhart,nav b chronograph
2758,steinhart,nav b uhr
2759,steinhart,ocean 2
2760,steinhart,ocean 39 gmt
2761,steinhart,ocean 44 gmt
2762,steinhart,ocean black
2763,steinhart,ocean forty-four
2764,steinhart,ocean one
2765,steinhart,ocean one bronze
2766,steinhart,ocean one gmt
2767,steinhart,ocean one green
2768,steinhart,ocean one vintage dual time
2769,steinhart,ocean titanium
2770,steinhart,ocean vintage gmt
2771,steinhart,ocean vintage military
2772,steinhart,ocean vintage military maxi
2773,steinhart,ocean vintage red
2774,steinhart,racetimer
2775,steinhart,triton
2776,stowa,antea
2777,stowa,antea 365
2778,stowa,antea 390
2779,stowa,antea ks
2780,stowa,antea ks 41
2781,stowa,chronograph 1938
2782,stowa,flieger
2783,stowa,flieger baumuster
2784,stowa,flieger chronograph
2785,stowa,flieger verus
2786,stowa,ikarus
2787,stowa,marine automatic
2788,stowa,marine chronograph
2789,stowa,marine original
2790,stowa,partitio
2791,stowa,prodiver
2792,stowa,seatime
2793,straton,curve chronograph
2794,straton,syncro chronograph
2795,straton,syncro meca-quartz
2796,straton,vdc mkii
2797,strela, 
2798,stuhrling, 
2799,suunto,ambit
2800,suunto,core
2801,suunto,elementum
2802,suunto,observer
2803,suunto,spartan
2804,suunto,traverse alpha
2805,suunto,traverse graphite
2806,suunto,vector
2807,suunto,x-lander
2808,swiss military, 
2809,szanto, 
2810,tactico, 
2811,tag heuer,2000
2812,tag heuer,aquagraph
2813,tag heuer,aquaracer
2814,tag heuer,aquaracer chronograph
2815,tag heuer,aquaracer gmt
2816,tag heuer,autavia
2817,tag heuer,carrera
2818,tag heuer,carrera calibre 1887
2819,tag heuer,connected
2820,tag heuer,formula 1
2821,tag heuer,grand carrera
2822,tag heuer,link
2823,tag heuer,monaco
2824,tag heuer,monaco bamford
2825,techne, 
2826,technomarine,royal marine
2827,technomarine,technosquare
2828,technos,sky diver
2829,tempest,carbon
2830,tempest,commodore
2831,tempest,viking
2832,ticino, 
2833,tiffany & co, 
2834,timex,expedition
2835,timex,ironman
2836,timex,marlin
2837,timex,todd snyder m2
2838,timex,weekender
2839,tisell, 
2840,tissot,classic
2841,tissot,couturier
2842,tissot,heritage 1936
2843,tissot,heritage visodate
2844,tissot,le locle
2845,tissot,navigator
2846,tissot,powermatic 80
2847,tissot,pr 50
2848,tissot,pr 516
2849,tissot,prc 200
2850,tissot,prs 200
2851,tissot,prs 516
2852,tissot,seastar
2853,tissot,seastar 1000
2854,tissot,seastar chronograph
2855,tissot,seastar navigator
2856,tissot,seastar world time
2857,tissot,sea-touch
2858,tissot,t-complication
2859,tissot,t-race
2860,tissot,t-touch
2861,tissot,visodate
2862,titoni, 
2863,torgoen, 
2864,tourby,lawless
2865,tourby,pilot
2866,tournea, 
2867,traser,black storm
2868,traser,p6500
2869,tudor,1926
2870,tudor,aeronaut
2871,tudor,black bay
2872,tudor,black bay 32
2873,tudor,black bay 36
2874,tudor,black bay 41
2875,tudor,black bay 58
2876,tudor,black bay blue
2877,tudor,black bay bronze
2878,tudor,black bay chronograph
2879,tudor,black bay gmt
2880,tudor,fastrider
2881,tudor,grantour
2882,tudor,heritage advisor
2883,tudor,heritage chronograph
2884,tudor,heritage ranger
2885,tudor,hydro
2886,tudor,hydronaut
2887,tudor,iconaut
2888,tudor,monte carlo
2889,tudor,north flag
2890,tudor,oysterdate 74033
2891,tudor,oysterdate 75303
2892,tudor,oysterdate 79160
2893,tudor,oysterdate 79170
2894,tudor,oysterdate 79180
2895,tudor,oysterdate 79260
2896,tudor,oysterdate 79270
2897,tudor,oysterdate 79280
2898,tudor,oysterdate 7944
2899,tudor,oysterdate 90814
2900,tudor,oysterdate 92313
2901,tudor,pelagos
2902,tudor,pelagos lhd
2903,tudor,prince
2904,tudor,prince 7019/3
2905,tudor,prince 7020/0
2906,tudor,prince 74000
2907,tudor,prince 7400n
2908,tudor,prince 74033
2909,tudor,prince 75190
2910,tudor,prince 75203
2911,tudor,prince 76200
2912,tudor,prince 76214
2913,tudor,prince 76299
2914,tudor,prince 7909
2915,tudor,prince 79236
2916,tudor,prince 79260
2917,tudor,prince 79280
2918,tudor,prince 79280p
2919,tudor,prince 7956
2920,tudor,prince 7964
2921,tudor,prince 7995
2922,tudor,prince 9050/0
2923,tudor,prince 9052
2924,tudor,prince 90733
2925,tudor,prince 9080
2926,tudor,prince 90814
2927,tudor,prince 9081/4
2928,tudor,prince 9101
2929,tudor,prince 94614
2930,tudor,ranger
2931,tudor,submariner 7016
2932,tudor,submariner 7021
2933,tudor,submariner 73090
2934,tudor,submariner 75090
2935,tudor,submariner 75190
2936,tudor,submariner 76100
2937,tudor,submariner 79090
2938,tudor,submariner 79190
2939,tudor,submariner 7922
2940,tudor,submariner 7923
2941,tudor,submariner 7924
2942,tudor,submariner 7928
2943,tudor,submariner 9401
2944,tudor,submariner 94010
2945,tudor,submariner 9411
2946,tudor,submariner 94110
2947,tutima,di 300
2948,tutima,flieger
2949,tutima,fx
2950,tutima,grand classic
2951,tutima,m2
2952,tutima,m2 pioneer
2953,tutima,m2 seven seas
2954,tutima,military
2955,tutima,pacific
2956,u-boat,classico
2957,u-boat,flightdeck
2958,u-boat,thousands of feet
2959,u-boat,u-42
2960,ulysse nardin,black sea
2961,ulysse nardin,executive dual time
2962,ulysse nardin,marine chronometer
2963,ulysse nardin,maxi marine diver
2964,ulysse nardin,michelangelo
2965,ulysse nardin,quadrato dual time
2966,ulysse nardin,san marco
2967,undone,killy
2968,undone,newman
2969,undone,speedy
2970,union glashutte,belisar chronograph
2971,union glashutte,belisar gmt
2972,universal geneve,aero-compax
2973,universal geneve,chronografo monopulsante
2974,universal geneve,compax
2975,universal geneve,compur
2976,universal geneve,dato compax
2977,universal geneve,geneve nina rindt
2978,universal geneve,geneve okeanos moon
2979,universal geneve,microtor
2980,universal geneve,polerouter
2981,universal geneve,polerouter deluxe
2982,universal geneve,polerouter ii
2983,universal geneve,polerouter sub
2984,universal geneve,polerouter sub mk3
2985,universal geneve,space compax
2986,universal geneve,tri-compax
2987,universal geneve,triple calendar moonphase
2988,universal geneve,uni-compax
2989,universal geneve,unisonic
2990,urwerk,tialn
2991,uts,1000m
2992,uts,2000m
2993,uts,500m
2994,uts,munchen
2995,vacheron constantin,american 1921
2996,vacheron constantin,les historiques
2997,vacheron constantin,malte
2998,vacheron constantin,overseas
2999,vacheron constantin,overseas chronograph
3000,vacheron constantin,overseas dual time
3001,vacheron constantin,patrimony
3002,vacheron constantin,patrimony retrograde
3003,vacheron constantin,patrimony traditionnelle
3004,vacheron constantin,patrimony traditionnelle chronograph
3005,vacheron constantin,patrimony traditionnelle world time
3006,vacheron constantin,royal eagle
3007,vacheron constantin,ultra-thin
3008,ventura,v-matic
3009,versace, 
3010,victorinox,airboss
3011,victorinox,alliance
3012,victorinox,ambassador
3013,victorinox,divemaster
3014,victorinox,field
3015,victorinox,infantry
3016,victorinox,inox
3017,victorinox,maverick
3018,victorinox,officers
3019,visitor, 
3020,vostok,amphibia
3021,vostok,europe
3022,vostok,komandirskie
3023,vostok,neptune
3024,vulcain,cricket
3025,vulcain,cricket nautical
3026,wakmann, 
3027,waltham, 
3028,weiss, 
3029,welder, 
3030,wenger, 
3031,wilson watch, 
3032,wittnauer, 
3033,wyler, 
3034,xemex, 
3035,xetum, 
3036,yema,antichoc
3037,yema,daytona
3038,yema,flygraf
3039,yema,meangraf
3040,yema,paris
3041,yema,rallye
3042,yema,rallygraf
3043,yema,seaspider
3044,yema,sous marine
3045,yema,superman
3046,yema,superman ii
3047,yema,yachtingraf
3048,zelos,abyss
3049,zelos,abyss ii
3050,zelos,chroma
3051,zelos,cosmos
3052,zelos,eagle
3053,zelos,hammerhead
3054,zelos,helmsman
3055,zenith,academy
3056,zenith,captain
3057,zenith,chronomaster
3058,zenith,defy
3059,zenith,doublematic
3060,zenith,elite
3061,zenith,el primero
3062,zenith,heritage
3063,zenith,pilot chronograph
3064,zenith,pilot montre daeronef type 20
3065,zenith,port royal
3066,zenith,rainbow
3067,zenith,sporto
3068,zenith,stratos
3069,zeno,prs-3
3070,zenton, 
3071,zeppelin, 
3072,zinex, 
3073,zixen,dsr 500 chrono
3074,zixen,dsr-500m
3075,zixen,dsr-sport
3076,zixen,heliox
3077,zixen,nitrox ii
3078,zixen,nitrox ls
3079,zixen,trimix
3080,zixen,trimix mechanik
3081,zodiac,aerospace
3082,zodiac,astrographic
3083,zodiac,oceanaire
3084,zodiac,sea dragon
3085,zodiac,seawolf
